name,id
Bauer,5cJzDZEAAAAJ
Bezy,LNMV_6IAAAAJ
Biyabani,
Brown,8q_lPBoAAAAJ
Busogi,TEMlkDMAAAAJ
DeSantis,jT2YySMAAAAJ
Gueye,AgCgDcUAAAAJ
Kairu,
Lee,
Luhanga,KZ5QmxQAAAAJ
McSharry,0bg-uVgAAAAJ
Mugume,LMW7_-YAAAAJ
Mukamakuza,rVFrmkQAAAAJ
Ndashimye,6y_k3EgAAAAJ
Ndibwile,tRmAOagAAAAJ
Niyizamwiyitira,7uodSIcAAAAJ
Okeyo,oyaImDQAAAAJ
Perkins,nI1Qbd4AAAAJ
APierce,
HPierce,
Racz,_ZWLAHkAAAAJ
Ramakrishnan,
Rawn,wVMHcqoAAAAJ
Thompson,
Thornburg,vVhcBXoAAAAJ
Toerien,
Tucker,8N6uFIkAAAAJ
Umuhoza,rcGIhfMAAAAJ
Vernon,gcqbMxAAAAAJ
Wiecha,wgrJnDgAAAAJ